,location,Radius,covered_nodes,Total_nodes_covered
0,"[842.0978324933182, 884.2565821223063]",936.4138789838621,"['1990860600', '2055461155', '245674992', '3215340463', '4348259295', '4348259298', '4348259319', '4348259324', '4348259325', '4348259327', '4348259329', '4348259331', '4348259333', '4348259340', '4348259341', '4348265098', '4348265099', '4348265101', '4348265105', '4348265107', '4369058864', '5077600694', '5280437313', '5280437314', '5366445082', '5366445083', '5366445084', '5366445085', '5366445092', '5366445105', '5584937650', '5879215634', '5879215641', '5879215642', '5879215643', '5879215644', '5879215645', '5879215650', '5882320075', '6435688923', '6435688924', '6495983054', '6495983060', '6568909593', '6568909594', '6568909595', '6568909609', '6571330021', '6571330022', '6571330023', '6572115060', '6573701501', '6573701505', '6573701524', '6573854574', '6576461331', '6583550562', '6627410440', '6627410442', '667354765', '667357309', '667357310', '667357311', '667357317', '667357318', '667357325', '667357326', '667357330', '667357361', '667357367', '667357368', '667357382', '667357383', '667357385', '667357387', '667357392', '667357401', '667357405', '667357407', '667357409', '667357412', '667357415', '667357419', '667357421', '667362347', '668612331', '668660548', '668672574', '668672699', '668672700', '668672704', '668685375', '668685380', '668699193', '668699234', '668699237', '668699242', '668699249', '6786321691', '7147944038', 'cluster_4348259335_7265460758', 'cluster_5879215623_5879215625', 'cluster_668620092_7147944044_7147944046']",103
