,location,Radius,covered_nodes,Total_nodes_covered
0,"[370.86704902725484, 1449.5573250941452]",402.2393348264983,"['245674992', '4348259295', '4348259298', '4348259319', '4348259324', '5280437313', '5280437314', '5366445092', '6571330021', '6571330022', '6571330023', '6573701505', '667357361', '668672574', '668672699']",15
1,"[1084.4025193481261, 1390.0607708868413]",404.6569778849865,"['1990860600', '2055461155', '4348259325', '4348259327', '4348259329', '4348259331', '4348259333', '4348259340', '4348259341', '4348265098', '4348265099', '4348265101', '4348265105', '4348265107', '4369058864', '5366445082', '5366445083', '5366445084', '5366445085', '5584937650', '5882320075', '6572115060', '6573701501', '6573701524', '667357367', '667357409', '667357412', '667357415', '667357419', '667357421', '668612331', '668672704', '6786321691', 'cluster_4348259335_7265460758', 'cluster_668620092_7147944044_7147944046']",35
2,"[1274.7749968752864, 716.3008632042648]",407.670371234935,"['2055461155', '3215340463', '5366445105', '5879215634', '5879215642', '5879215643', '6568909593', '6568909594', '6568909595', '6573854574', '6576461331', '667357325', '667357368', '667357382', '667357383', '667357385', '667357387', '667357392', '667357401', '667357405', '667357407', '667362347', '668685375', '668685380', '668699249', 'cluster_5879215623_5879215625']",26
3,"[826.3267266726399, 905.6632321657835]",381.0500021888751,"['3215340463', '5077600694', '5366445083', '5366445084', '5366445105', '6568909593', '6568909594', '6568909595', '6568909609', '6573854574', '6583550562', '667357318', '667357325', '667357326', '667357330', '667357382', '668672700', '7147944038', 'cluster_668620092_7147944044_7147944046']",19
4,"[778.7130827679213, 206.57332417068613]",410.02805746096294,"['5879215641', '5879215642', '5879215643', '5879215644', '5879215645', '5879215650', '6435688923', '6435688924', '6495983054', '6495983060', '6568909609', '6627410440', '6627410442', '667354765', '667357309', '667357310', '667357311', '667357317', '667357318', '667357368', '668660548', '668699193', '668699234', '668699237', '668699242', '668699249']",26
