,location,Radius,covered_nodes,Total_nodes_covered
0,"[355.8902355150905, 1248.1237667086184]",358.8119360779502,"['245674992', '4348259295', '4348259298', '4348259319', '4348259324', '5280437313', '5280437314', '5366445092', '6571330021', '6571330022', '6571330023', '667357361', '668672574', '668672699']",14
1,"[922.6879054452914, 1492.714017631934]",358.81497851858677,"['1990860600', '4348259325', '4348259327', '4348259329', '4348259331', '4348259333', '4348265098', '4348265099', '4348265101', '4348265105', '4348265107', '5366445082', '5366445083', '5366445085', '5366445092', '5584937650', '5882320075', '6572115060', '6573701501', '6573701505', '6573701524', '667357367', '667357419', '667357421', '668612331', '668672704', '6786321691', 'cluster_4348259335_7265460758', 'cluster_668620092_7147944044_7147944046']",29
2,"[735.4580593310543, 154.55048127677986]",355.9135200626781,"['5879215645', '5879215650', '6435688923', '6435688924', '6495983054', '6495983060', '6627410440', '6627410442', '667354765', '667357309', '667357310', '667357311', '668660548', '668699193', '668699234', '668699237', '668699242']",17
3,"[1178.1883864805343, 519.8680158111985]",348.75637380572107,"['5366445105', '5879215634', '5879215641', '5879215642', '5879215643', '5879215644', '5879215645', '5879215650', '6495983054', '6568909593', '6568909594', '6568909609', '6573854574', '667357309', '667357310', '667357311', '667357317', '667357325', '667357368', '667357382', '667357383', '667357385', '667357387', '667362347', '668685375', '668685380', '668699249', 'cluster_5879215623_5879215625']",28
4,"[770.9608190839485, 850.0331291200075]",357.3291616643736,"['3215340463', '5077600694', '5366445083', '5366445084', '6568909593', '6568909594', '6568909595', '6568909609', '6573854574', '6583550562', '667357318', '667357325', '667357326', '667357330', '668672700', '7147944038']",16
5,"[1231.8902246107323, 1113.0154404943848]",337.1419290170621,"['2055461155', '4348259327', '4348259331', '4348259340', '4348259341', '4369058864', '5882320075', '6576461331', '667357367', '667357392', '667357401', '667357405', '667357407', '667357409', '667357412', '667357415', '667357419', '7147944038', 'cluster_4348259335_7265460758', 'cluster_668620092_7147944044_7147944046']",20
