,Unnamed: 0,location,Radius,covered_nodes,Total_nodes_covered
0,0,"[1239.5717354125245, 1455.9025833758656]",342.9248968288627,"['1990860600', '4348259325', '4348259327', '4348259329', '4348259331', '4348259333', '4348259340', '4348259341', '4348265099', '4369058864', '5882320075', '6573701524', '667357367', '667357409', '667357412', '667357415', '667357419', '667357421', '668612331', '6786321691', 'cluster_4348259335_7265460758']",21
1,1,"[889.362020941473, 989.1841848020006]",340.289067368368,"['3215340463', '4369058864', '5077600694', '5366445082', '5366445083', '5366445084', '6568909593', '6568909594', '6568909595', '6573854574', '6583550562', '667357326', '667357330', '668672700', '7147944038', 'cluster_668620092_7147944044_7147944046']",16
2,2,"[933.5993054740553, 460.5507888177493]",342.4041605613872,"['5366445105', '5879215641', '5879215642', '5879215643', '5879215644', '5879215645', '5879215650', '6495983054', '6495983060', '6568909593', '6568909594', '6568909609', '6573854574', '6627410440', '6627410442', '667354765', '667357309', '667357310', '667357311', '667357317', '667357318', '667357325', '667357368', '667357382', '667357385', '667362347', '668660548', '668685375', '668699249']",29
3,3,"[333.4334139779631, 1230.2835674326786]",339.43293862025456,"['245674992', '4348259295', '4348259298', '4348259319', '4348259324', '5280437313', '5280437314', '6571330021', '6571330022', '6571330023', '667357361', '668672574', '668672699']",13
4,4,"[728.4237154393973, 119.33154086248767]",344.36753020351483,"['5879215645', '5879215650', '6435688923', '6435688924', '6495983054', '6495983060', '6627410440', '6627410442', '667357309', '667357310', '667357311', '668660548', '668699193', '668699234', '668699237', '668699242']",16
5,5,"[853.4421480654245, 1540.06020661807]",341.00880241076476,"['1990860600', '4348259325', '4348259327', '4348259329', '4348259331', '4348265098', '4348265099', '4348265101', '4348265105', '4348265107', '5366445082', '5366445085', '5366445092', '5584937650', '6572115060', '6573701501', '6573701505', '6573701524', '667357367', '667357421', '668612331', '668672704']",22
6,6,"[1325.4122822860254, 801.1020358019076]",343.2487654486324,"['2055461155', '5366445105', '5879215634', '6576461331', '667357382', '667357383', '667357385', '667357387', '667357392', '667357401', '667357405', '667357407', '667362347', '668685375', '668685380', 'cluster_5879215623_5879215625']",16
